select userid, avg(c) from (select userid, itemid, count(*) as c from interaction group by userid, itemid) as X group by userid limit 5;


SELECT i1.userid, i2.userid, i1.itemid FROM interaction as i1, interaction as i2 WHERE i1.itemid=i2.itemid AND i1.userid=456892 AND i2.userid=2249933;

TO BEAT: 0.0500644573359

prima scheda: normal 30gg
seconda scheda: no 2 e 3 30gg
terza scheda: con 2 e 3


0.012065857616

recommender=# select * from interaction where userid=2654821 order by itemid;
  id   | userid  | itemid  | type |     ts
-------+---------+---------+------+------------
 37792 | 2654821 |   62796 |    1 | 1445608009
 37785 | 2654821 |   62796 |    1 | 1445607963
 37793 | 2654821 |   71390 |    1 | 1441115673
 37790 | 2654821 |  120059 |    1 | 1441116250
 37789 | 2654821 |  437245 |    1 | 1446969654
 37787 | 2654821 |  536047 |    1 | 1446969671
 37786 | 2654821 |  537452 |    1 | 1445607893
 37788 | 2654821 | 1324393 |    1 | 1445607827
 37795 | 2654821 | 1628068 |    1 | 1441115593
 37796 | 2654821 | 1928891 |    1 | 1440747909
 37794 | 2654821 | 2052386 |    1 | 1441116420
 37791 | 2654821 | 2201927 |    1 | 1441116323
(12 rows)

CONF1-----------
defaultdict(<type 'float'>, {2052386: 0.3945456048034475, 120059: 0.3945456048034475, 1628068: 0.3945456048034475, 2201927: 0.3945456048034475, 62796: 0.45439568666622415, 537452: 0.3945456048034475, 536047: 0.3945456048034475, 1324393: 0.3945456048034475, 1928891: 0.3945456048034475, 437245: 0.3945456048034475, 71390: 0.3945456048034475})


recommender=# select * from interaction where userid=2839038 order by itemid;
   id   | userid  | itemid  | type |     ts
--------+---------+---------+------+------------
 280071 | 2839038 |  432326 |    1 | 1444986010                         432326 => 0.41417917775008856
 280069 | 2839038 |  432326 |    1 | 1445012146
 280067 | 2839038 |  669234 |    1 | 1444985934                         669234 => 0.41417917775008856
 280068 | 2839038 |  669234 |    1 | 1444985995
 280079 | 2839038 | 1005171 |    3 | 1444206260                         1005171 => 0.7064022873534974
 280066 | 2839038 | 1005171 |    1 | 1444213448
 280072 | 2839038 | 1005171 |    1 | 1444206178
 280073 | 2839038 | 1005171 |    1 | 1444206217
 280074 | 2839038 | 1005171 |    1 | 1444206299
 280075 | 2839038 | 1005171 |    1 | 1444242934
 280076 | 2839038 | 1099280 |    1 | 1444419349                         1099280 => 0.3542706723871812
 280064 | 2839038 | 1253705 |    1 | 1446391403                         1253705 => 0.3542706723871812
 280062 | 2839038 | 1302709 |    1 | 1444393780                         1302709 => 0.3542706723871812
 280077 | 2839038 | 1692461 |    1 | 1446712271                         1692461 => 0.3542706723871812
 280065 | 2839038 | 2368549 |    1 | 1445678680                         ETC
 280070 | 2839038 | 2589890 |    1 | 1445258807                         ETC
 280063 | 2839038 | 2628290 |    1 | 1445861064                         ETC
 280078 | 2839038 | 2703767 |    1 | 1444207581                         ETC
(18 rows)

CONF2-----------
defaultdict(<type 'float'>, {2589890: 0.3542706723871812, 2368549: 0.3542706723871812, 432326: 0.41417917775008856, 1253705: 0.3542706723871812, 2628290: 0.3542706723871812, 1692461: 0.3542706723871812, 1099280: 0.3542706723871812, 669234: 0.41417917775008856, 1005171: 0.7064022873534974, 1302709: 0.3542706723871812, 2703767: 0.3542706723871812})

0 user_id
1 jobroles
2 career_level
3 discipline_id
4 industry_id
5 country
6 region
7 experience_n_entries_class
8 experience_years_experience
9 experience_years_in_current
10 edu_degree
11 edu_fieldofstudies

SELECT idi,udi,count(*) FROM (select u.discipline as udi, u.id, x.type, (1447023571 - x.ts)/86400 as days, i.id, i.discipline as idi from users as u, interaction as x, item as i where u.id = x.userid and i.id = x.itemid) as Y group by idi, udi ORDER BY idi;

SELECT FROM (select DISTINCT i.* from item as i, interaction as x where i.id = x.itemid and x.userid=1210107) as Y;

select userid, count(*) as c from interaction group by userid order by count(*) DESC
